{
  "TimezoneCollection": [
    {
      "Name": "UTC-08:00",
      "Key": "Pacific Standard Time",
      "Value": "America/Los_Angeles"
    },
    {
      "Name": "UTC-07:00",
      "Key": "Mountain Standard Time",
      "Value": "America/Denver"
    },
    {
      "Name": "UTC-06:00",
      "Key": "Central Standard Time",
      "Value": "America/Chicago"
    },
    {
      "Name": "UTC-05:00",
      "Key": "Eastern Standard Time",
      "Value": "America/New_York"
    },
    {
      "Name": "UTC-04:00",
      "Key": "Atlantic Standard Time",
      "Value": "Atlantic/Bermuda"
    },
    {
      "Name": "UTC-03:00",
      "Key": "Greenland Standard Time",
      "Value": "Atlantic/Stanley"
    },
    {
      "Name": "UTC-02:00",
      "Key": "Mid-Atlantic Standard Time",
      "Value": "America/Sao_Paulo"
    },
    {
      "Name": "UTC-01:00",
      "Key": "Cape Verde Standard Time",
      "Value": "Atlantic/Cape_Verde"
    },
    {
      "Name": "UTC+00:00",
      "Key": "UTC",
      "Value": "UTC"
    },
    {
      "Name": "UTC+01:00",
      "Key": "Romance Standard Time",
      "Value": "Europe/Paris"
    },
    {
      "Name": "UTC+03:00",
      "Key": "Russian Standard Time",
      "Value": "Europe/Moscow"
    },
    {
      "Name": "UTC+05:30",
      "Key": "India Standard Time",
      "Value": "Asia/Kolkata"
    },
    {
      "Name": "UTC+08:00",
      "Key": "W. Australia Standard Time",
      "Value": "Australia/Perth"
    },
    {
      "Name": "UTC+10:00",
      "Key": "E. Australia Standard Time",
      "Value": "Australia/Brisbane"
    },
    {
      "Name": "UTC+10:30",
      "Key": "Lord Howe Standard Time",
      "Value": "Australia/Adelaide"
    },
    {
      "Name": "UTC+13:00",
      "Key": "New Zealand Standard Time",
      "Value": "Pacific/Auckland"
    }
  ],
  "WeekCollection": [
    {
      "Name": "Sunday",
      "Value": 0
    },
    {
      "Name": "Monday",
      "Value": 1
    },
    {
      "Name": "Tuesday",
      "Value": 2
    },
    {
      "Name": "Wednesday",
      "Value": 3
    },
    {
      "Name": "Thursday",
      "Value": 4
    },
    {
      "Name": "Friday",
      "Value": 5
    },
    {
      "Name": "Saturday",
      "Value": 6
    }
  ],
  "ScheduleViews": [
    "Day",
    "Week",
    "WorkWeek",
    "Month",
    "Year",
    "Agenda",
    "TimelineDay",
    "TimelineWeek",
    "TimelineWorkWeek",
    "TimelineMonth",
    "TimelineYear"
  ],

  "TooltipData": [
    {
      "Name": "Off",
      "Value": "Off"
    },
    {
      "Name": "On",
      "Value": "On"
    }
  ],
  "WeekNumbersData": [
    {
      "Name": "Off",
      "Value": "Off"
    },
    {
      "Name": "First Day Of Year",
      "Value": "FirstDay"
    },
    {
      "Name": "First Full Week",
      "Value": "FirstFullWeek"
    },
    {
      "Name": "First Four-Day Week",
      "Value": "FirstFourDayWeek"
    }
  ],

  "TimeFormatDataSource": [
    {
      "Name": "12 hours",
      "Value": "hh:mm tt"
    },
    {
      "Name": "24 hours",
      "Value": "HH:mm"
    }
  ],


  "Calendars": [
    {
      "CalendarName": "My Calendar",
      "CalendarId": 1,
      "CalendarColor": "#c43081"
    },
    {
      "CalendarName": "Company",
      "CalendarId": 2,
      "CalendarColor": "#ff7f50"
    },
    {
      "CalendarName": "Birthday",
      "CalendarId": 3,
      "CalendarColor": "#AF27CD"
    },
    {
      "CalendarName": "Holiday",
      "CalendarId": 4,
      "CalendarColor": "#808000"
    }
  ],

  "SlotCountDataSource": [
    {
      "Name": "1",
      "Value": 1
    },
    {
      "Name": "2",
      "Value": 2
    },
    {
      "Name": "3",
      "Value": 3
    },
    {
      "Name": "4",
      "Value": 4
    },
    {
      "Name": "5",
      "Value": 5
    },
    {
      "Name": "6",
      "Value": 6
    },
    {
      "Name": "7",
      "Value": 7
    },
    {
      "Name": "8",
      "Value": 8
    },
    {
      "Name": "9",
      "Value": 9
    },
    {
      "Name": "10",
      "Value": 10
    }
  ],

  "SlotIntervalDataSource": [
    {
      "name": "1 hour",
      "value": 60
    },
    {
      "name": "1.5 hours",
      "value": 90
    },
    {
      "name": "2 hours",
      "value": 120
    },
    {
      "name": "2.5 hours",
      "value": 150
    },
    {
      "name": "3 hours",
      "value": 180
    },
    {
      "name": "3.5 hours",
      "value": 210
    },
    {
      "name": "4 hours",
      "value": 240
    },
    {
      "name": "4.5 hours",
      "value": 270
    },
    {
      "name": "5 hours",
      "value": 300
    },
    {
      "name": "5.5 hours",
      "value": 330
    },
    {
      "name": "6 hours",
      "value": 360
    },
    {
      "name": "6.5 hours",
      "value": 390
    },
    {
      "name": "7 hours",
      "value": 420
    },
    {
      "name": "7.5 hours",
      "value": 450
    },
    {
      "name": "8 hours",
      "value": 480
    },
    {
      "name": "8.5 hours",
      "value": 510
    },
    {
      "name": "9 hours",
      "value": 54
    },
    {
      "name": "9.5 hours",
      "value": 57
    },
    {
      "name": "10 hours",
      "value": 60
    },
    {
      "name": "10.5 hours",
      "value": 630
    },
    {
      "name": "11 hours",
      "value": 660
    },
    {
      "name": "11.5 hours",
      "value": 690
    },
    {
      "name": "12 hours",
      "value": 7
    }
  ]
}